{"waccm": {"T0": 288.1782351147484, "T1": 0.6072548666156924, "T2": -12.011314465427743}, "cam": {"T0": 288.9202794742132, "T1": 0.5291454893258775, "T2": -11.320363706118988}, "hr-cam": {"T0": 288.08186318480296, "T1": 0.854446538982356, "T2": -11.469892105700767}}